Disciplina,Herramienta,Descripción ,Tiempo Manual,Automatizado,Velocidad
Arquitectura,Generador de Acabados,"Automatizo la creación de suelos de acabado mediante algoritmos avanzados que detectan automáticamente los límites geométricos de cada habitación en el modelo, permitiendo modelar capas de piso masivamente en todo el proyecto sin errores de solape y con una precisión milimétrica que garantiza cuantificaciones exactas para presupuesto.",1 - 2 horas / nivel,5 min - 10 min / nivel,12X
Arquitectura,Muros desde CAD,"Realizo la conversión inteligente de archivos DWG 2D a elementos de muro nativos de Revit, interpretando automáticamente espesores, capas y longitudes para levantar la envolvente arquitectónica y divisiones internas completas, asegurando que la información de diseño original se traslade fielmente al entorno BIM sin retrabajos manuales.",2 - 4 horas / nivel,8 min - 16 min / nivel,15X
Arquitectura,Puertas y Ventanas,"Ejecuto la colocación masiva de carpinterías basándome en puntos de inserción y coordenadas extraídos de planos base, asegurando que cada familia de puerta o ventana se anfitrione correctamente en su muro correspondiente, manteniendo la orientación, manos de apertura y parámetros de instancia definidos por el estándar del proyecto.",1 hora / nivel,10 min / nivel,6X
Estructura,Refuerzo Estratégico,"Implemento el modelado automatizado de varillas de refuerzo en elementos estructurales tipo, vinculando directamente las tablas de cálculo de ingeniería con la geometría 3D para generar armados complejos, estribos, ganchos y traslapes precisos que cumplen con los requerimientos de diseño sísmico y están listos para su cuantificación detallada.",4 - 6 horas / zona,30 min - 45 min / zona,8X
Estructura,Cimentación desde CAD,"Detecto bloques y centros de gravedad en planos de cimentación vinculados para posicionar automáticamente zapatas aisladas, corridas o pilotes, garantizando una coordinación exacta entre la propuesta estructural 2D y el modelo BIM centralizado, eliminando el riesgo de errores de ubicación que podrían ser críticos durante la etapa de excavación.",1 - 2 horas / proyecto,15 min - 30 min / proyecto,4X
Estructura,Unión de Geometría,"Proceso la limpieza de intersecciones entre elementos de concreto como vigas, losas y columnas de forma masiva, eliminando solapes volumétricos innecesarios para que las tablas de planificación de materiales reflejen el volumen de vaciado de concreto real y preciso, facilitando la gestión de pedidos de suministro en obra.",1 - 2 horas / nivel,3 min - 6 min / nivel,20X
MEP,Tuberías desde CAD,"Genero redes complejas de tuberías MEP a partir de trazados unifilares en CAD, insertando automáticamente codos, tés y transiciones necesarias para conformar un sistema funcional y continuo, respetando estrictamente las pendientes de drenaje y los diámetros especificados en los esquemas de diseño hidráulico o sanitario originales.",3 - 5 horas / sistema,18 min - 30 min / sistema,10X
MEP,Soportería Automática,"Localizo mecánicamente la posición de soportes y colgantes para sistemas de ductos y tuberías, ajustando dinámicamente la longitud de la varilla roscada al elemento estructural superior más cercano mediante un análisis de colisiones vertical, lo que garantiza la constructibilidad y permite la generación de planos de montaje precisos.",2 - 4 horas / red,8 min - 16 min / red,15X
MEP,Generador de Pasantes,"Identifico choques entre redes de instalaciones y elementos estructurales para generar automáticamente los nichos o perforaciones necesarios, manteniendo la integridad del modelo estructural y facilitando la comunicación técnica inmediata para la aprobación de pasos de tubería antes de la ejecución en sitio.",2 - 3 horas / disc.,12 min - 18 min / disc.,10X
Doc / Cuant,Montaje de Láminas,"Automatizo la composición de planos ejecutivos mediante el centrado y acomodo sistemático de vistas en los cuadros de rotulación, vinculando dinámicamente plantas con sus respectivas secciones e isométricos para asegurar una documentación coherente, estéticamente profesional y reducir drásticamente el tiempo dedicado a tareas de dibujo.",5 - 10 min / lámina,1 min - 2 min / lámina,5X
Doc / Cuant,Estandarizador BEP,"Ejecuto una reestructuración total de la nomenclatura de familias y tipos para que cumplan estrictamente con las reglas de nombrado del BEP, inyectando simultáneamente metadatos técnicos, marcas y modelos provenientes del catálogo de conceptos oficial para uniformizar la información y facilitar la gestión del activo digital.",3 - 5 horas / entrega,12 min - 20 min / entrega,15X
Doc / Cuant,Gestor de Cuantificación,"Construyo tablas de planificación masivamente mediante plantillas de configuración que definen campos y formatos, permitiendo una sincronización bidireccional que añade columnas de modelo en Excel y columnas de presupuesto en Revit para auditar varianzas críticas y asegurar que el modelo sea el espejo del costo.",4 - 8 horas / catálogo,8 min - 16 min / catálogo,30X
Gestión / Calidad,Etiquetado Adaptativo,"Aplico un algoritmo de anotación inteligente que filtra elementos por orientación, colocando etiquetas solo en elementos horizontales en plantas y gestionando el orden visual para evitar el encimado de textos, lo que garantiza planos de instalaciones limpios, legibles y listos para su impresión sin retoques manuales excesivos.",1 - 2 horas / plano,6 min - 12 min / plano,10X
Gestión / Calidad,Monitor de Salud,"Realizo un diagnóstico profundo del estado de salud del archivo central, monitoreando indicadores clave como el crecimiento de advertencias críticas, el peso de familias in-place y la basura acumulada, para prevenir la degradación del rendimiento de las estaciones de trabajo y evitar corrupciones de datos en el servidor.",1 hora / semanal,5 min / semanal,12X
Gestión / Calidad,BIM Pre-Flight (Plugin),"Desarrollo un plugin de interfaz interactiva que funciona como el último filtro de calidad, obligando al usuario a validar puntos críticos como ortografía, grosores de línea, estilos gráficos, resolución de interferencias, purga de basura y cumplimiento de estándares del BEP antes de autorizar el cierre de cualquier entrega oficial.",1 - 2 horas / archivo,3 min - 6 min / archivo,20X